{"cameraMode":{"drawMode":0,"name":"Shaded","section":"Shading Mode"},"sceneLighting":true,"audioPlay":false,"sceneViewState":{"m_AlwaysRefresh":false,"showFog":true,"showSkybox":true,"showFlares":true,"showImageEffects":true,"showParticleSystems":true,"showVisualEffectGraphs":true,"m_FxEnabled":true},"in2DMode":false,"pivot":{"x":0.34720978140830996,"y":2.4750242233276369,"z":7.352998733520508},"rotation":{"x":0.034632161259651187,"y":0.9374225735664368,"z":-0.3324551582336426,"w":0.09765709936618805},"size":5.938493251800537,"orthographic":false}