{"cameraMode":{"drawMode":0,"name":"Shaded","section":"Shading Mode"},"sceneLighting":true,"audioPlay":false,"sceneViewState":{"m_AlwaysRefresh":false,"showFog":true,"showSkybox":true,"showFlares":true,"showImageEffects":true,"showParticleSystems":true,"showVisualEffectGraphs":true,"m_FxEnabled":true},"in2DMode":false,"pivot":{"x":2.254152536392212,"y":5.863951206207275,"z":-0.5286685228347778},"rotation":{"x":0.034632161259651187,"y":0.9374225735664368,"z":-0.3324551582336426,"w":0.09765709936618805},"size":3.2001564502716066,"orthographic":false}